position,title,type,publication_date,eli
1433,Rozporządzenie Ministra Finansów z dnia 27 września 2024 r. zmieniające rozporządzenie w sprawie kas rejestrujących mających postać oprogramowania,Rozporządzenie,2024-09-27,DU/2024/1433
1910,"Rozporządzenie Ministra Cyfryzacji z dnia 18 grudnia 2024 r. w sprawie szczegółowych warunków oraz trybu udzielania pomocy de minimis w ramach programu ""Cyfrowa Europa""",Rozporządzenie,2024-12-23,DU/2024/1910
1966,Rozporządzenie Ministra Przemysłu z dnia 27 grudnia 2024 r. zmieniające rozporządzenie w sprawie metod badania jakości paliw ciekłych,Rozporządzenie,2024-12-30,DU/2024/1966
1351,"Rozporządzenie Ministra Rolnictwa i Rozwoju Wsi z dnia 10 września 2024 r. zmieniające rozporządzenie w sprawie szczegółowego przeznaczenia, warunków i trybu udzielania wsparcia na wykonywanie działalności w zakresie przechowywania lub wprowadzania do obrotu produktów rolnych, rybołówstwa lub akwakultury oraz artykułów rolno-spożywczych w ramach Krajowego Planu Odbudowy i Zwiększania Odporności",Rozporządzenie,2024-09-12,DU/2024/1351
1789,Rozporządzenie Rady Ministrów z dnia 2 grudnia 2024 r. zmieniające rozporządzenie w sprawie udzielania pomocy de minimis na organizację przedsięwzięć promocyjnych wspierających eksport,Rozporządzenie,2024-12-05,DU/2024/1789
1809,Rozporządzenie Ministra Zdrowia z dnia 5 grudnia 2024 r. w sprawie zmiany rozporządzenia zmieniającego rozporządzenie w sprawie ogólnych warunków umów o udzielanie świadczeń opieki zdrowotnej,Rozporządzenie,2024-12-09,DU/2024/1809
1825,Rozporządzenie Ministra Klimatu i Środowiska z dnia 5 grudnia 2024 r. w sprawie udzielania pomocy publicznej na projekty inwestycyjne w zakresie wsparcia krajowego systemu energetycznego w ramach Krajowego Planu Odbudowy i Zwiększania Odporności,Rozporządzenie,2024-12-11,DU/2024/1825
1894,Rozporządzenie Ministra Finansów z dnia 18 grudnia 2024 r. zmieniające rozporządzenie w sprawie właściwości organów podatkowych,Rozporządzenie,2024-12-20,DU/2024/1894
1353,Rozporządzenie Ministra Zdrowia z dnia 11 września 2024 r. w sprawie wysokości wynagrodzenia wizytatora oraz koordynatora,Rozporządzenie,2024-09-12,DU/2024/1353
1918,Rozporządzenie Ministra Infrastruktury z dnia 18 grudnia 2024 r. w sprawie wprowadzenia do stosowania wymagań ustanowionych przez Organizację Międzynarodowego Lotnictwa Cywilnego w zakresie procedur lotu,Rozporządzenie,2024-12-23,DU/2024/1918
1403,Rozporządzenie Ministra Nauki z dnia 12 września 2024 r. w sprawie danych przetwarzanych w Zintegrowanym Systemie Informacji o Szkolnictwie Wyższym i Nauce POL-on,Rozporządzenie,2024-09-24,DU/2024/1403
1232,"Rozporządzenie Ministra Rolnictwa i Rozwoju Wsi z dnia 9 sierpnia 2024 r. zmieniające rozporządzenie w sprawie wzorów środków identyfikacji dla bydła, owiec i kóz, świń, jeleniowatych, wielbłądowatych i koniowatych oraz szczegółowej specyfikacji technicznej tych środków",Rozporządzenie,2024-08-13,DU/2024/1232
1519,Rozporządzenie Ministra Rolnictwa i Rozwoju Wsi z dnia 14 października 2024 r. w sprawie stawki podstawowego wsparcia dochodów do celów zrównoważoności za 2024 r.,Rozporządzenie,2024-10-15,DU/2024/1519
1928,Rozporządzenie Ministra Finansów z dnia 18 grudnia 2024 r. w sprawie wykazu krajów i terytoriów stosujących szkodliwą konkurencję podatkową w zakresie podatku dochodowego od osób prawnych,Rozporządzenie,2024-12-24,DU/2024/1928
1481,Rozporządzenie Ministra Edukacji z dnia 4 października 2024 r. w sprawie trybu wypłaty i szczegółowego trybu zwrotu zasiłku losowego,Rozporządzenie,2024-10-04,DU/2024/1481
1640,Rozporządzenie Ministra Infrastruktury z dnia 5 listopada 2024 r. w sprawie udzielania pomocy publicznej w zakresie wyposażenia pojazdów kolejowych z napędem lub z kabiną sterowniczą w system ERTMS w ramach Krajowego Planu Odbudowy i Zwiększania Odporności,Rozporządzenie,2024-11-08,DU/2024/1640
1959,Rozporządzenie Rady Ministrów z dnia 27 grudnia 2024 r. w sprawie nadania Instytutowi Badań Edukacyjnych w Warszawie statusu państwowego instytutu badawczego,Rozporządzenie,2024-12-30,DU/2024/1959
1960,Rozporządzenie Ministra Klimatu i Środowiska z dnia 24 grudnia 2024 r. zmieniające rozporządzenie w sprawie stawek opłat produktowych dla poszczególnych rodzajów opakowań,Rozporządzenie,2024-12-30,DU/2024/1960
1833,Rozporządzenie Ministra Zdrowia z dnia 10 grudnia 2024 r. zmieniające rozporządzenie w sprawie ogólnych warunków umów o udzielanie świadczeń opieki zdrowotnej,Rozporządzenie,2024-12-12,DU/2024/1833
909,Obwieszczenie Ministra Klimatu i Środowiska z dnia 10 czerwca 2024 r. w sprawie ogłoszenia jednolitego tekstu rozporządzenia Ministra Środowiska w sprawie specjalnego obszaru ochrony siedlisk Uroczyska Płyty Krotoszyńskiej (PLH300002),Obwieszczenie,2024-06-20,DU/2024/909
1670,Obwieszczenie Marszałka Sejmu Rzeczypospolitej Polskiej z dnia 7 listopada 2024 r. w sprawie ogłoszenia jednolitego tekstu ustawy o zdrowiu publicznym,Obwieszczenie,2024-11-15,DU/2024/1670
1829,"Obwieszczenie Marszałka Sejmu Rzeczypospolitej Polskiej z dnia 6 grudnia 2024 r. w sprawie ogłoszenia jednolitego tekstu ustawy o wsparciu kobiet w ciąży i rodzin ""Za życiem""",Obwieszczenie,2024-12-11,DU/2024/1829
777,"Obwieszczenie Prezydenta Rzeczypospolitej Polskiej z dnia 12 kwietnia 2024 r. w sprawie ogłoszenia jednolitego tekstu rozporządzenia Prezydenta Rzeczypospolitej Polskiej w sprawie przekazania rozpoznawania innym wojewódzkim sądom administracyjnym niektórych spraw z zakresu działania Szefa Krajowej Administracji Skarbowej, Dyrektora Krajowej Informacji Skarbowej, Prezesa Zakładu Ubezpieczeń Społecznych oraz Prezesa Kasy Rolniczego Ubezpieczenia Społecznego",Obwieszczenie,2024-05-23,DU/2024/777
1455,Obwieszczenie Ministra Sprawiedliwości z dnia 23 września 2024 r. w sprawie ogłoszenia jednolitego tekstu rozporządzenia Ministra Sprawiedliwości w sprawie sposobu i trybu wykonywania czynności przez kuratorów sądowych w sprawach karnych wykonawczych,Obwieszczenie,2024-10-02,DU/2024/1455
1488,Obwieszczenie Marszałka Sejmu Rzeczypospolitej Polskiej z dnia 30 września 2024 r. w sprawie ogłoszenia jednolitego tekstu ustawy o sporcie,Obwieszczenie,2024-10-07,DU/2024/1488
1516,"Obwieszczenie Ministra Sprawiedliwości z dnia 29 września 2024 r. w sprawie ogłoszenia jednolitego tekstu rozporządzenia Ministra Sprawiedliwości w sprawie trybu, sposobu i zakresu uzyskiwania i udostępniania informacji z Rejestru z dostępem ograniczonym oraz sposobu zakładania konta użytkownika",Obwieszczenie,2024-10-15,DU/2024/1516
779,Obwieszczenie Prezydenta Rzeczypospolitej Polskiej z dnia 12 kwietnia 2024 r. w sprawie ogłoszenia jednolitego tekstu rozporządzenia Prezydenta Rzeczypospolitej Polskiej - Regulamin wewnętrznego urzędowania wojewódzkich sądów administracyjnych,Obwieszczenie,2024-05-23,DU/2024/779
1699,Obwieszczenie Ministra Zdrowia z dnia 6 listopada 2024 r. w sprawie ogłoszenia jednolitego tekstu rozporządzenia Ministra Zdrowia w sprawie komisji bioetycznej oraz Odwoławczej Komisji Bioetycznej,Obwieszczenie,2024-11-21,DU/2024/1699
875,Obwieszczenie Ministra Zdrowia z dnia 29 maja 2024 r. w sprawie ogłoszenia jednolitego tekstu rozporządzenia Ministra Zdrowia w sprawie programu pilotażowego w centrach zdrowia psychicznego,Obwieszczenie,2024-06-14,DU/2024/875
579,Obwieszczenie Ministra Infrastruktury z dnia 10 kwietnia 2024 r. w sprawie ogłoszenia jednolitego tekstu rozporządzenia Ministra Gospodarki Morskiej i Żeglugi Śródlądowej w sprawie opracowywania map zagrożenia powodziowego oraz map ryzyka powodziowego,Obwieszczenie,2024-04-16,DU/2024/579
1050,Obwieszczenie Marszałka Sejmu Rzeczypospolitej Polskiej z dnia 10 lipca 2024 r. w sprawie ogłoszenia jednolitego tekstu ustawy o Radzie Ministrów,Obwieszczenie,2024-07-16,DU/2024/1050
989,"Obwieszczenie Ministra Edukacji z dnia 24 czerwca 2024 r. w sprawie ogłoszenia jednolitego tekstu rozporządzenia Ministra Edukacji i Nauki w sprawie przeprowadzania postępowania rekrutacyjnego oraz postępowania uzupełniającego do publicznych przedszkoli, szkół, placówek i centrów",Obwieszczenie,2024-07-05,DU/2024/989
1220,"Obwieszczenie Ministra Finansów z dnia 30 lipca 2024 r. w sprawie ogłoszenia jednolitego tekstu rozporządzenia Ministra Finansów w sprawie przypadków i trybu zwrotu podatku od towarów i usług przedstawicielstwom dyplomatycznym, urzędom konsularnym, członkom personelu tych przedstawicielstw i urzędów, a także innym osobom zrównanym z nimi na podstawie ustaw, umów lub zwyczajów międzynarodowych",Obwieszczenie,2024-08-09,DU/2024/1220
1805,Obwieszczenie Ministra Spraw Wewnętrznych i Administracji z dnia 28 listopada 2024 r. w sprawie ogłoszenia jednolitego tekstu rozporządzenia Ministra Spraw Wewnętrznych i Administracji w sprawie otrzymywania wyżywienia przez funkcjonariuszy Służby Ochrony Państwa,Obwieszczenie,2024-12-06,DU/2024/1805
1812,Obwieszczenie Ministra Klimatu i Środowiska z dnia 27 listopada 2024 r. w sprawie ogłoszenia jednolitego tekstu rozporządzenia Ministra Środowiska w sprawie specjalnego obszaru ochrony siedlisk Niecka Skaliska (PLH280049),Obwieszczenie,2024-12-09,DU/2024/1812
1712,Obwieszczenie Marszałka Sejmu Rzeczypospolitej Polskiej z dnia 7 listopada 2024 r. w sprawie ogłoszenia jednolitego tekstu ustawy o Państwowej Inspekcji Pracy,Obwieszczenie,2024-11-30,DU/2024/1712
1536,Obwieszczenie Marszałka Sejmu Rzeczypospolitej Polskiej z dnia 10 października 2024 r. w sprawie ogłoszenia jednolitego tekstu ustawy o rejestracji jachtów i innych jednostek pływających o długości do 24 m,Obwieszczenie,2024-10-16,DU/2024/1536
1089,Ustawa z dnia 28 czerwca 2024 r. o zmianie ustawy o finansach publicznych oraz niektórych innych ustaw,Ustawa,2024-07-22,DU/2024/1089
1907,Ustawa z dnia 5 grudnia 2024 r. o ochronie ludności i obronie cywilnej,Ustawa,2024-12-23,DU/2024/1907
1965,Ustawa z dnia 6 grudnia 2024 r. o zmianie ustawy o dniach wolnych od pracy oraz niektórych innych ustaw,Ustawa,2024-12-30,DU/2024/1965
851,"Ustawa z dnia 15 maja 2024 r. o zmianie zakresu obowiązywania Umowy o utworzeniu Europejskiego Banku Odbudowy i Rozwoju, sporządzonej w Paryżu dnia 29 maja 1990 r.",Ustawa,2024-06-10,DU/2024/851
1761,Ustawa z dnia 8 listopada 2024 r. o zmianie ustawy o działalności pożytku publicznego i o wolontariacie oraz ustawy o kołach gospodyń wiejskich,Ustawa,2024-12-02,DU/2024/1761
1823,Ustawa z dnia 19 listopada 2024 r. o likwidacji Fundacji Platforma Przemysłu Przyszłości,Ustawa,2024-12-11,DU/2024/1823
1827,Ustawa z dnia 21 listopada 2024 r. o zmianie ustawy o pomocy osobom uprawnionym do alimentów,Ustawa,2024-12-11,DU/2024/1827
1871,Ustawa z dnia 6 grudnia 2024 r. o zmianie ustawy - Kodeks pracy oraz niektórych innych ustaw,Ustawa,2024-12-18,DU/2024/1871
1911,Ustawa z dnia 21 listopada 2024 r. o zmianie ustawy o gospodarce opakowaniami i odpadami opakowaniowymi oraz niektórych innych ustaw,Ustawa,2024-12-23,DU/2024/1911
879,Ustawa z dnia 23 maja 2024 r. o zmianie ustawy o wymianie informacji podatkowych z innymi państwami oraz niektórych innych ustaw,Ustawa,2024-06-17,DU/2024/879
1338,Rozporządzenie Ministra Klimatu i Środowiska z dnia 5 września 2024 r. zmieniające rozporządzenie w sprawie nadania statutu Regionalnej Dyrekcji Ochrony Środowiska we Wrocławiu,Rozporządzenie,2024-09-09,DU/2024/1338
1592,"Rozporządzenie Ministra Finansów z dnia 23 października 2024 r. zmieniające rozporządzenie w sprawie szczegółowych warunków, jakie musi spełniać rynek oficjalnych notowań oraz emitenci papierów wartościowych dopuszczonych do obrotu na tym rynku",Rozporządzenie,2024-10-29,DU/2024/1592
1528,Rozporządzenie Rady Ministrów z dnia 15 października 2024 r. uchylające rozporządzenie w sprawie wprowadzenia stanu klęski żywiołowej na obszarze części województwa dolnośląskiego oraz lubuskiego,Rozporządzenie,2024-10-15,DU/2024/1528
1950,Rozporządzenie Ministra Sprawiedliwości z dnia 23 grudnia 2024 r. zmieniające rozporządzenie w sprawie ponoszenia przez Skarb Państwa albo jednostki samorządu terytorialnego kosztów nieopłaconej pomocy prawnej udzielonej przez adwokata z urzędu,Rozporządzenie,2024-12-30,DU/2024/1950
1969,Rozporządzenie Ministra Finansów z dnia 22 grudnia 2024 r. w sprawie danych zawartych w powiadomieniu o zamiarze skorzystania ze zwolnienia w państwie członkowskim innym niż Rzeczpospolita Polska oraz informacji kwartalnej,Rozporządzenie,2024-12-30,DU/2024/1969
1188,"Rozporządzenie Ministra Zdrowia z dnia 16 lipca 2024 r. w sprawie wymagań, jakim powinno odpowiadać medyczne laboratorium diagnostyczne, oraz kwalifikacji personelu",Rozporządzenie,2024-08-06,DU/2024/1188
1870,Rozporządzenie Rady Ministrów z dnia 13 grudnia 2024 r. zmieniające rozporządzenie w sprawie przekazywania przez instytucje finansowe oraz organ nadzoru półrocznych i rocznych informacji o prowadzonych indywidualnych kontach emerytalnych oraz indywidualnych kontach zabezpieczenia emerytalnego,Rozporządzenie,2024-12-18,DU/2024/1870
1517,Rozporządzenie Ministra Rolnictwa i Rozwoju Wsi z dnia 14 października 2024 r. w sprawie stawek płatności w ramach schematów na rzecz klimatu i środowiska za 2024 r.,Rozporządzenie,2024-10-15,DU/2024/1517
1196,Rozporządzenie Ministra Spraw Wewnętrznych i Administracji z dnia 17 lipca 2024 r. zmieniające rozporządzenie w sprawie umundurowania funkcjonariuszy Straży Granicznej,Rozporządzenie,2024-08-07,DU/2024/1196
1280,"Rozporządzenie Ministra Rolnictwa i Rozwoju Wsi z dnia 20 sierpnia 2024 r. zmieniające rozporządzenie w sprawie szczegółowych warunków przyznawania i wypłaty pomocy finansowej na realizację operacji w ramach Priorytetu 2. Wspieranie zrównoważonej działalności w zakresie akwakultury oraz przetwarzania i wprowadzania do obrotu produktów rybołówstwa i akwakultury, przyczyniając się w ten sposób do bezpieczeństwa żywnościowego w Unii objętego programem Fundusze Europejskie dla Rybactwa na lata 2021-2027 oraz wysokości tej pomocy",Rozporządzenie,2024-08-23,DU/2024/1280
1446,Obwieszczenie Marszałka Sejmu Rzeczypospolitej Polskiej z dnia 26 września 2024 r. w sprawie ogłoszenia jednolitego tekstu ustawy o wspieraniu termomodernizacji i remontów oraz o centralnej ewidencji emisyjności budynków,Obwieszczenie,2024-10-01,DU/2024/1446
1598,Obwieszczenie Marszałka Sejmu Rzeczypospolitej Polskiej z dnia 18 października 2024 r. w sprawie ogłoszenia jednolitego tekstu ustawy o rezerwach strategicznych,Obwieszczenie,2024-10-30,DU/2024/1598
558,Obwieszczenie Marszałka Sejmu Rzeczypospolitej Polskiej z dnia 21 marca 2024 r. w sprawie ogłoszenia jednolitego tekstu ustawy o spółdzielniach mieszkaniowych,Obwieszczenie,2024-04-12,DU/2024/558
1264,Obwieszczenie Marszałka Sejmu Rzeczypospolitej Polskiej z dnia 19 sierpnia 2024 r. w sprawie ogłoszenia jednolitego tekstu ustawy o Rzeczniku Praw Obywatelskich,Obwieszczenie,2024-08-21,DU/2024/1264
611,Obwieszczenie Ministra Edukacji z dnia 19 marca 2024 r. w sprawie ogłoszenia jednolitego tekstu rozporządzenia Ministra Edukacji Narodowej w sprawie ogólnych celów i zadań kształcenia w zawodach szkolnictwa branżowego oraz klasyfikacji zawodów szkolnictwa branżowego,Obwieszczenie,2024-04-22,DU/2024/611
1151,Obwieszczenie Marszałka Sejmu Rzeczypospolitej Polskiej z dnia 21 czerwca 2024 r. w sprawie ogłoszenia jednolitego tekstu ustawy - Prawo geodezyjne i kartograficzne,Obwieszczenie,2024-07-31,DU/2024/1151
1130,Obwieszczenie Marszałka Sejmu Rzeczypospolitej Polskiej z dnia 21 czerwca 2024 r. w sprawie ogłoszenia jednolitego tekstu ustawy o planowaniu i zagospodarowaniu przestrzennym,Obwieszczenie,2024-07-29,DU/2024/1130
746,Obwieszczenie Marszałka Sejmu Rzeczypospolitej Polskiej z dnia 15 maja 2024 r. w sprawie ogłoszenia jednolitego tekstu ustawy o międzynarodowym przemieszczaniu odpadów,Obwieszczenie,2024-05-17,DU/2024/746
1160,Obwieszczenie Ministra Klimatu i Środowiska z dnia 22 lipca 2024 r. w sprawie ogłoszenia jednolitego tekstu rozporządzenia Ministra Klimatu i Środowiska w sprawie specjalnego obszaru ochrony siedlisk Wzgórza Krzymowskie (PLH320054),Obwieszczenie,2024-08-01,DU/2024/1160
788,Obwieszczenie Prezydenta Rzeczypospolitej Polskiej z dnia 12 kwietnia 2024 r. w sprawie ogłoszenia jednolitego tekstu rozporządzenia Prezydenta Rzeczypospolitej Polskiej w sprawie przekazania rozpoznawania innym wojewódzkim sądom administracyjnym niektórych spraw z zakresu działania Głównego Inspektora Transportu Drogowego,Obwieszczenie,2024-05-24,DU/2024/788
683,Obwieszczenie Marszałka Sejmu Rzeczypospolitej Polskiej z dnia 24 kwietnia 2024 r. w sprawie ogłoszenia jednolitego tekstu ustawy o szczególnych instrumentach wsparcia w związku z rozprzestrzenianiem się wirusa SARS-CoV-2,Obwieszczenie,2024-05-02,DU/2024/683
1650,Obwieszczenie Marszałka Sejmu Rzeczypospolitej Polskiej z dnia 7 listopada 2024 r. w sprawie ogłoszenia jednolitego tekstu ustawy o świadczeniu pieniężnym z tytułu pełnienia funkcji sołtysa,Obwieszczenie,2024-11-12,DU/2024/1650
1768,Obwieszczenie Marszałka Sejmu Rzeczypospolitej Polskiej z dnia 27 listopada 2024 r. w sprawie ogłoszenia jednolitego tekstu ustawy o Ogólnopolskiej Sieci Edukacyjnej,Obwieszczenie,2024-12-03,DU/2024/1768
888,Obwieszczenie Ministra Klimatu i Środowiska z dnia 27 maja 2024 r. w sprawie ogłoszenia jednolitego tekstu rozporządzenia Ministra Środowiska w sprawie specjalnego obszaru ochrony siedlisk Horodyszcze (PLH060101),Obwieszczenie,2024-06-17,DU/2024/888
1534,"Obwieszczenie Marszałka Sejmu Rzeczypospolitej Polskiej z dnia 10 października 2024 r. w sprawie ogłoszenia jednolitego tekstu ustawy o nieodpłatnej pomocy prawnej, nieodpłatnym poradnictwie obywatelskim oraz edukacji prawnej",Obwieszczenie,2024-10-16,DU/2024/1534
1378,"Obwieszczenie Ministra Sprawiedliwości z dnia 8 września 2024 r. w sprawie ogłoszenia jednolitego tekstu rozporządzenia Ministra Sprawiedliwości w sprawie utworzenia, ustalenia siedzib i obszarów właściwości ośrodków zamiejscowych prokuratur regionalnych, okręgowych i rejonowych poza siedzibą prokuratury",Obwieszczenie,2024-09-17,DU/2024/1378
1205,Obwieszczenie Ministra Zdrowia z dnia 2 sierpnia 2024 r. w sprawie ogłoszenia jednolitego tekstu rozporządzenia Ministra Zdrowia w sprawie nadania statutu Narodowemu Funduszowi Zdrowia,Obwieszczenie,2024-08-07,DU/2024/1205
1700,Obwieszczenie Ministra Infrastruktury z dnia 4 listopada 2024 r. w sprawie ogłoszenia jednolitego tekstu rozporządzenia Ministra Infrastruktury w sprawie Krajowego Programu Szkolenia w zakresie ochrony lotnictwa cywilnego,Obwieszczenie,2024-11-21,DU/2024/1700
1602,"Obwieszczenie Ministra Rodziny, Pracy i Polityki Społecznej z dnia 23 października 2024 r. w sprawie ogłoszenia jednolitego tekstu rozporządzenia Ministra Pracy i Polityki Społecznej w sprawie zakresu programów szkoleń dla opiekuna w żłobku lub klubie dziecięcym oraz dziennego opiekuna",Obwieszczenie,2024-10-30,DU/2024/1602
927,Obwieszczenie Marszałka Sejmu Rzeczypospolitej Polskiej z dnia 11 czerwca 2024 r. w sprawie ogłoszenia jednolitego tekstu ustawy o gospodarce opakowaniami i odpadami opakowaniowymi,Obwieszczenie,2024-06-24,DU/2024/927
1037,Obwieszczenie Marszałka Sejmu Rzeczypospolitej Polskiej z dnia 28 czerwca 2024 r. w sprawie ogłoszenia jednolitego tekstu ustawy o tachografach,Obwieszczenie,2024-07-15,DU/2024/1037
924,Obwieszczenie Marszałka Sejmu Rzeczypospolitej Polskiej z dnia 23 maja 2024 r. w sprawie ogłoszenia jednolitego tekstu ustawy o zapobieganiu oraz zwalczaniu zakażeń i chorób zakaźnych u ludzi,Obwieszczenie,2024-06-24,DU/2024/924
782,Obwieszczenie Prezydenta Rzeczypospolitej Polskiej z dnia 12 kwietnia 2024 r. w sprawie ogłoszenia jednolitego tekstu rozporządzenia Prezydenta Rzeczypospolitej Polskiej w sprawie zasad zapewnienia bezpłatnego zakwaterowania sędziom Sądu Najwyższego stale zamieszkałym poza Warszawą oraz wysokości i warunków wypłacania im zwrotu poniesionych kosztów przejazdu oraz dodatku za rozłąkę,Obwieszczenie,2024-05-24,DU/2024/782
1376,Obwieszczenie Marszałka Sejmu Rzeczypospolitej Polskiej z dnia 11 września 2024 r. w sprawie ogłoszenia jednolitego tekstu ustawy o ekwiwalencie pieniężnym z tytułu prawa do bezpłatnego węgla dla osób uprawnionych z przedsiębiorstw robót górniczych,Obwieszczenie,2024-09-17,DU/2024/1376
578,"Obwieszczenie Marszałka Sejmu Rzeczypospolitej Polskiej z dnia 21 marca 2024 r. w sprawie ogłoszenia jednolitego tekstu ustawy o przygotowaniu i realizacji inwestycji w zakresie odbudowy Pałacu Saskiego, Pałacu Brühla oraz kamienic przy ulicy Królewskiej w Warszawie",Obwieszczenie,2024-04-16,DU/2024/578
822,"Obwieszczenie Prezydenta Rzeczypospolitej Polskiej z dnia 21 maja 2024 r. w sprawie ogłoszenia jednolitego tekstu rozporządzenia Prezydenta Rzeczypospolitej Polskiej w sprawie stanowisk i wymaganych kwalifikacji urzędników sądowych i innych pracowników oraz szczegółowych zasad wynagradzania referendarzy sądowych, starszych referendarzy sądowych, asystentów sędziów, starszych asystentów sędziów, urzędników oraz innych pracowników wojewódzkich sądów administracyjnych",Obwieszczenie,2024-06-03,DU/2024/822
1512,Obwieszczenie Marszałka Sejmu Rzeczypospolitej Polskiej z dnia 10 października 2024 r. w sprawie ogłoszenia jednolitego tekstu ustawy o Karcie Dużej Rodziny,Obwieszczenie,2024-10-14,DU/2024/1512
549,"Obwieszczenie Ministra Zdrowia z dnia 3 kwietnia 2024 r. w sprawie ogłoszenia jednolitego tekstu rozporządzenia Ministra Zdrowia w sprawie programu pilotażowego ""Profilaktyka 40 PLUS""",Obwieszczenie,2024-04-11,DU/2024/549
1839,Obwieszczenie Marszałka Sejmu Rzeczypospolitej Polskiej z dnia 27 listopada 2024 r. w sprawie ogłoszenia jednolitego tekstu ustawy o przygotowaniu i realizacji strategicznych inwestycji w sektorze naftowym,Obwieszczenie,2024-12-12,DU/2024/1839
1231,"Obwieszczenie Ministra Rolnictwa i Rozwoju Wsi z dnia 6 sierpnia 2024 r. w sprawie ogłoszenia jednolitego tekstu rozporządzenia Ministra Rolnictwa i Rozwoju Wsi w sprawie określenia obszarów objętych nakazami, zakazami lub ograniczeniami oraz innymi środkami kontroli lub ochronnymi ustanowionymi w związku z wystąpieniem afrykańskiego pomoru świń, na których są położone gospodarstwa rolne, w których są utrzymywane świnie",Obwieszczenie,2024-08-13,DU/2024/1231
838,Obwieszczenie Marszałka Sejmu Rzeczypospolitej Polskiej z dnia 10 kwietnia 2024 r. w sprawie ogłoszenia jednolitego tekstu ustawy o działalności ubezpieczeniowej i reasekuracyjnej,Obwieszczenie,2024-06-06,DU/2024/838
815,Obwieszczenie Ministra Sprawiedliwości z dnia 21 maja 2024 r. w sprawie ogłoszenia jednolitego tekstu rozporządzenia Ministra Sprawiedliwości w sprawie prowadzenia dokumentacji w aktach osobowych funkcjonariuszy Służby Więziennej,Obwieszczenie,2024-05-31,DU/2024/815
516,Obwieszczenie Ministra Spraw Wewnętrznych i Administracji z dnia 27 marca 2024 r. w sprawie ogłoszenia jednolitego tekstu rozporządzenia Ministra Spraw Wewnętrznych w sprawie badań lekarskich osób zatrzymanych przez Policję,Obwieszczenie,2024-04-08,DU/2024/516
654,Obwieszczenie Marszałka Sejmu Rzeczypospolitej Polskiej z dnia 24 kwietnia 2024 r. w sprawie ogłoszenia jednolitego tekstu ustawy o szczególnych rozwiązaniach związanych z usuwaniem skutków powodzi,Obwieszczenie,2024-04-29,DU/2024/654
580,Obwieszczenie Marszałka Sejmu Rzeczypospolitej Polskiej z dnia 10 kwietnia 2024 r. w sprawie ogłoszenia jednolitego tekstu ustawy o zasadach pozyskiwania informacji o niekaralności osób ubiegających się o zatrudnienie i osób zatrudnionych w podmiotach sektora finansowego,Obwieszczenie,2024-04-16,DU/2024/580
1541,Obwieszczenie Marszałka Sejmu Rzeczypospolitej Polskiej z dnia 10 października 2024 r. w sprawie ogłoszenia jednolitego tekstu ustawy o Polskiej Organizacji Turystycznej,Obwieszczenie,2024-10-17,DU/2024/1541
805,Obwieszczenie Prezydenta Rzeczypospolitej Polskiej z dnia 12 kwietnia 2024 r. w sprawie ogłoszenia jednolitego tekstu rozporządzenia Prezydenta Rzeczypospolitej Polskiej - Regulamin Naczelnego Sądu Administracyjnego,Obwieszczenie,2024-05-29,DU/2024/805
812,Obwieszczenie Marszałka Sejmu Rzeczypospolitej Polskiej z dnia 8 maja 2024 r. w sprawie ogłoszenia jednolitego tekstu ustawy o Agencji Bezpieczeństwa Wewnętrznego oraz Agencji Wywiadu,Obwieszczenie,2024-05-29,DU/2024/812
1034,Obwieszczenie Marszałka Sejmu Rzeczypospolitej Polskiej z dnia 11 czerwca 2024 r. w sprawie ogłoszenia jednolitego tekstu ustawy o funduszach inwestycyjnych i zarządzaniu alternatywnymi funduszami inwestycyjnymi,Obwieszczenie,2024-07-12,DU/2024/1034
1335,Obwieszczenie Ministra Klimatu i Środowiska z dnia 21 sierpnia 2024 r. w sprawie ogłoszenia jednolitego tekstu rozporządzenia Ministra Klimatu i Środowiska w sprawie specjalnego obszaru ochrony siedlisk Lasy Sieniawskie (PLH180054),Obwieszczenie,2024-09-06,DU/2024/1335
532,Obwieszczenie Ministra Sprawiedliwości z dnia 4 marca 2024 r. w sprawie ogłoszenia jednolitego tekstu rozporządzenia Ministra Sprawiedliwości w sprawie umundurowania i wyposażenia polowego funkcjonariuszy Służby Więziennej,Obwieszczenie,2024-04-09,DU/2024/532
986,Obwieszczenie Marszałka Sejmu Rzeczypospolitej Polskiej z dnia 11 czerwca 2024 r. w sprawie ogłoszenia jednolitego tekstu ustawy - Karta Nauczyciela,Obwieszczenie,2024-07-04,DU/2024/986
1922,"Rozporządzenie Ministra Sportu i Turystyki z dnia 20 grudnia 2024 r. zmieniające rozporządzenie w sprawie odznak, wyróżnień oraz nagród pieniężnych za osiągnięcia w działalności w zakresie sportu",Rozporządzenie,2024-12-23,DU/2024/1922
